feature,median_not_excellent,median_excellent,mean_difference,p_value
Flavor,7.5,8.08,0.6436613981607202,2.393491365669296e-58
Aftertaste,7.42,7.92,0.6115793563371499,5.7114640971916165e-55
Acidity,7.5,8.08,0.5882026453535545,4.136636163315854e-54
Aroma,7.58,8.0,0.5279352067696461,5.3776789652034656e-49
Balance,7.5,8.0,0.5382092203123525,5.496855797224166e-49
Body,7.5,7.92,0.46562355372253617,1.1488325865576872e-45
Clean.Cup,10.0,10.0,0.16532802213284725,0.007191814372351253
Uniformity,10.0,10.0,0.13135785707576808,0.008661217794042013
Sweetness,10.0,10.0,0.06256807644030182,0.3169555179073237
